1,352.6434096,5.87739016,2,1,1,1,4,6,Ok
2,57.89206596,0.964867766,1,2,2,2,1,0,Ok
3,529.2696333,8.821160555,2,1,1,3,1,9,Ok
4,214.6247845,3.577079742,1,2,2,4,1,4,Ok
5,556.3804626,9.273007711,2,1,2,5,2,10,Ok
6,473.148862,7.885814367,2,2,2,6,2,7,Ok
7,504.6604482,8.411007469,1,1,0,7,2,8,Ok
8,44.66851196,0.744475199,2,2,2,8,3,1,Good
9,527.9286272,8.798810453,1,1,2,9,3,9,Ok
10,29.18840325,0.486473388,2,2,2,10,3,1,Good
11,184.3870243,3.073117071,2,1,1,11,4,3,Ok
12,43.5691246,0.726152077,1,2,2,12,4,1,Ok
13,596.1867127,9.936445211,2,1,2,1,4,10,Ok
14,392.0384799,6.533974666,1,2,1,2,1,7,Ok
15,266.4263759,4.440439598,2,1,0,3,1,4,Ok
16,336.6925618,5.611542697,2,2,0,4,1,5,Ok
17,375.7234597,6.262057662,1,1,2,5,2,6,Ok
18,417.9563845,6.965939742,2,2,1,6,2,6,Ok
19,153.7717662,2.562862769,1,1,2,7,2,3,Ok
20,312.4613978,5.207689963,2,2,2,8,3,6,Good
21,363.3087259,6.055145432,2,1,2,9,3,7,Ok
22,213.0387103,3.550645172,1,2,0,10,3,4,Ok
23,329.0803142,5.484671903,2,1,0,11,4,5,Ok
24,308.2316405,5.137194009,1,2,0,12,4,6,Ok
25,382.0531794,6.36755299,2,1,1,1,4,7,Ok
26,52.76385118,0.87939752,2,2,2,2,1,1,Good
27,124.988454,2.0831409,1,1,0,3,1,3,Ok
28,531.8869821,8.864783034,2,2,2,4,1,9,Good
29,583.4976606,9.72496101,1,1,1,5,2,10,Ok
30,164.6578706,2.744297843,2,2,1,6,2,3,Good
31,548.6322373,9.143870621,2,1,0,7,2,9,Ok
32,431.004671,7.183411183,1,2,0,8,3,7,Ok
33,301.3992382,5.023320637,2,1,2,9,3,6,Ok
34,169.337073,2.822284549,1,2,1,10,3,2,Ok
35,140.1861637,2.336436062,2,1,1,11,4,3,Ok
36,314.1856482,5.236427469,2,2,1,12,4,6,Good
37,495.5368361,8.258947268,1,1,1,1,4,8,Ok
38,111.7827903,1.863046505,2,2,2,2,1,2,Good
39,300.1717295,5.002862158,1,1,1,3,1,6,Ok
40,410.8916874,6.848194789,2,2,1,4,1,7,Good
41,64.3861574,1.073102623,2,1,0,5,2,1,Ok
42,319.3282008,5.32213668,1,2,2,6,2,6,Ok
43,273.2683796,4.554472994,2,1,2,7,2,5,Ok
44,413.3190681,6.888651135,1,2,2,8,3,7,Ok
45,108.7211222,1.812018703,2,1,0,9,3,1,Ok
46,357.8081604,5.96346934,2,2,2,10,3,5,Ok
47,287.0581224,4.78430204,1,1,1,11,4,4,Ok
48,182.7850009,3.046416681,2,2,2,12,4,3,Ok
49,295.7730126,4.92955021,1,1,2,1,4,5,Ok
50,274.1958148,4.569930246,2,2,1,2,1,5,Good
51,195.9623482,3.266039137,2,1,0,3,1,3,Ok
52,40.72183445,0.678697241,1,2,2,4,1,1,Ok
53,386.1156336,6.43526056,2,1,2,5,2,6,Ok
54,390.9338711,6.515564519,1,2,0,6,2,6,Ok
55,10.12911509,0.168818585,2,1,0,7,2,1,Ok
56,186.0960353,3.101600588,2,2,0,8,3,4,Good
57,453.5338599,7.558897665,1,1,0,9,3,8,Ok
58,318.3679704,5.30613284,2,2,1,10,3,6,Good
59,63.09721548,1.051620258,1,1,0,11,4,2,Ok
60,578.5052888,9.641754814,2,2,1,12,4,9,Ok
61,356.6394322,5.943990536,2,1,2,1,4,6,Ok
62,217.4018437,3.623364061,1,2,1,2,1,4,Ok
63,39.48397902,0.658066317,2,1,2,3,1,1,Ok
64,481.3874283,8.023123806,1,2,0,4,1,8,Ok
65,343.2138797,5.720231328,2,1,1,5,2,6,Ok
66,354.9987643,5.916646072,2,2,2,6,2,6,Good
67,251.8383583,4.197305972,1,1,1,7,2,5,Ok
68,218.3410832,3.639018054,2,2,2,8,3,4,Good
69,510.8179325,8.513632208,1,1,1,9,3,8,Ok
70,79.73220467,1.328870078,2,2,1,10,3,1,Ok
71,74.43668035,1.240611339,2,1,1,11,4,1,Ok
72,579.3586934,9.655978223,1,2,1,12,4,10,Ok
73,306.7154846,5.111924743,2,1,1,1,4,5,Ok
74,592.7412032,9.879020054,1,2,0,2,1,9,Ok
75,497.920325,8.298672083,2,1,2,3,1,8,Ok
76,136.0284853,2.267141421,2,2,2,4,1,2,Ok
77,68.26308196,1.137718033,1,1,1,5,2,2,Ok
78,310.2813081,5.171355136,2,2,0,6,2,6,Good
79,215.7919725,3.596532876,1,1,1,7,2,3,Ok
80,87.86735527,1.464455921,2,2,2,8,3,2,Good
81,326.7440522,5.445734203,2,1,1,9,3,5,Ok
82,576.5181178,9.608635296,1,2,0,10,3,10,Ok
83,110.7005011,1.845008352,2,1,1,11,4,2,Ok
84,192.1807003,3.203011672,1,2,1,12,4,4,Ok
85,462.9113717,7.715189528,2,1,2,1,4,7,Ok
86,131.7932515,2.196554192,2,2,2,2,1,2,Ok
87,593.1926431,9.886544051,1,1,2,3,1,10,Ok
88,292.2991116,4.87165186,2,2,0,4,1,4,Ok
89,486.4211169,8.107018614,1,1,0,5,2,8,Ok
90,572.435473,9.540591217,2,2,0,6,2,9,Ok
91,139.738133,2.328968883,2,1,2,7,2,3,Ok
92,94.77028456,1.579504743,1,2,0,8,3,2,Ok
93,404.0572707,6.734287845,2,1,0,9,3,7,Ok
94,391.3472119,6.522453532,1,2,0,10,3,7,Ok
95,320.1312267,5.335520445,2,1,1,11,4,6,Ok
96,399.5562925,6.659271541,2,2,2,12,4,6,Ok
97,298.3856769,4.973094614,1,1,1,1,4,5,Ok
98,430.6426206,7.177377009,2,2,2,2,1,7,Ok
99,9.107910838,0.151798514,1,1,0,3,1,0,Ok
100,447.0173544,7.450289239,2,2,2,4,1,8,Good
101,359.8515041,5.997525068,2,1,2,5,2,5,Ok
102,547.2994058,9.121656763,1,2,0,6,2,10,Ok
103,43.61764399,0.726960733,2,1,2,7,2,0,Ok
104,319.7396871,5.328994785,1,2,0,8,3,6,Ok
105,505.1832924,8.419721539,2,1,1,9,3,8,Ok
106,599.9607944,9.999346573,2,2,1,10,3,9,Ok
107,461.9136218,7.698560363,1,1,2,11,4,7,Ok
108,432.4657059,7.207761765,2,2,1,12,4,8,Good
109,482.8818416,8.048030693,1,1,2,1,4,8,Ok
110,390.9354741,6.515591235,2,2,1,2,1,6,Ok
111,67.39184485,1.123197414,2,1,0,3,1,1,Ok
112,265.3636319,4.422727199,1,2,2,4,1,4,Ok
113,499.5852711,8.326421184,2,1,1,5,2,8,Ok
114,128.2004122,2.136673537,1,2,2,6,2,2,Ok
115,398.2921277,6.638202128,2,1,0,7,2,6,Ok
116,380.3015884,6.338359807,2,2,0,8,3,6,Ok
117,449.7280783,7.495467971,1,1,2,9,3,8,Ok
118,425.7620208,7.096033679,2,2,1,10,3,7,Ok
119,378.5655296,6.309425493,1,1,0,11,4,7,Ok
120,304.0929064,5.068215106,2,2,1,12,4,5,Ok
121,93.81194697,1.563532449,2,1,0,1,4,1,Ok
122,452.8814736,7.54802456,1,2,0,2,1,7,Ok
123,258.845762,4.314096033,2,1,2,3,1,5,Ok
124,543.5117276,9.058528793,1,2,2,4,1,10,Ok
125,99.31221078,1.655203513,2,1,2,5,2,2,Ok
126,514.0273545,8.567122574,2,2,0,6,2,8,Ok
127,64.57138176,1.076189696,1,1,2,7,2,2,Ok
128,142.0497884,2.367496474,2,2,2,8,3,3,Good
129,309.9712894,5.166188157,1,1,1,9,3,6,Ok
130,315.497682,5.2582947,2,2,0,10,3,5,Ok
131,78.73165692,1.312194282,2,1,2,11,4,2,Ok
132,62.71905236,1.045317539,1,2,2,12,4,2,Ok
133,392.9065207,6.548442011,2,1,1,1,4,6,Ok
134,177.3378988,2.955631646,1,2,2,2,1,2,Ok
135,598.2384598,9.970640996,2,1,2,3,1,9,Ok
136,447.8242174,7.463736957,2,2,1,4,1,8,Good
137,312.0004927,5.200008212,1,1,0,5,2,5,Ok
138,137.8326173,2.297210288,2,2,0,6,2,2,Ok
139,554.2380742,9.237301237,1,1,1,7,2,10,Ok
140,446.6869113,7.444781855,2,2,0,8,3,7,Ok
141,194.9699627,3.249499378,2,1,2,9,3,3,Ok
142,287.5523496,4.79253916,1,2,2,10,3,4,Ok
143,538.1060366,8.968433943,2,1,2,11,4,8,Ok
144,105.3177671,1.755296119,1,2,2,12,4,2,Ok
145,44.51115316,0.741852553,2,1,0,1,4,0,Ok
146,368.4179542,6.140299236,2,2,2,2,1,6,Ok
147,86.03826591,1.433971099,1,1,1,3,1,2,Ok
148,388.4803594,6.474672657,2,2,0,4,1,7,Good
149,453.3651705,7.556086174,1,1,1,5,2,8,Ok
150,337.9654206,5.632757011,2,2,0,6,2,6,Good
151,95.55725735,1.592620956,2,1,2,7,2,1,Ok
152,205.1175765,3.418626275,1,2,1,8,3,4,Ok
153,323.8166781,5.396944634,2,1,0,9,3,5,Ok
154,583.8235516,9.730392527,1,2,0,10,3,9,Ok
155,566.9685492,9.449475819,2,1,0,11,4,9,Ok
156,59.4868997,0.991448328,2,2,2,12,4,0,Ok
157,417.5634899,6.959391498,1,1,1,1,4,7,Ok
158,357.0588342,5.950980571,2,2,1,2,1,6,Good
159,135.6425723,2.260709538,1,1,0,3,1,2,Ok
160,424.5758892,7.07626482,2,2,2,4,1,8,Good
161,201.170497,3.352841616,2,1,1,5,2,3,Ok
162,84.87593816,1.414598969,1,2,0,6,2,2,Ok
163,594.6512944,9.910854906,2,1,2,7,2,9,Ok
164,197.8479922,3.297466537,1,2,0,8,3,4,Ok
165,335.5277587,5.592129312,2,1,0,9,3,5,Ok
166,567.8606293,9.464343821,2,2,0,10,3,9,Ok
167,579.7764355,9.662940591,1,1,0,11,4,10,Ok
168,319.136911,5.318948516,2,2,1,12,4,6,Good
169,567.3957303,9.456595504,1,1,1,1,4,10,Ok
170,29.85139122,0.497523187,2,2,1,2,1,0,Ok
171,515.4605631,8.591009385,2,1,1,3,1,8,Ok
172,384.8526957,6.414211594,1,2,0,4,1,6,Ok
173,178.8555732,2.98092622,2,1,1,5,2,3,Ok
174,139.71019,2.328503167,1,2,1,6,2,3,Ok
175,117.8344381,1.963907302,2,1,1,7,2,1,Ok
176,446.2640201,7.437733668,2,2,0,8,3,8,Good
177,537.1994707,8.953324511,1,1,1,9,3,9,Ok
178,84.49900821,1.408316804,2,2,1,10,3,2,Good
179,18.98137455,0.316356242,1,1,0,11,4,0,Ok
180,61.04665693,1.017444282,2,2,2,12,4,2,Good
181,491.1020085,8.185033474,2,1,0,1,4,8,Ok
182,255.3222965,4.255371609,1,2,2,2,1,4,Ok
183,208.4474347,3.474123912,2,1,1,3,1,3,Ok
184,363.4962281,6.058270469,1,2,2,4,1,6,Ok
185,313.3029363,5.221715605,2,1,0,5,2,5,Ok
186,346.5558943,5.775931572,2,2,2,6,2,5,Ok
187,284.7139931,4.745233219,1,1,1,7,2,5,Ok
188,18.31540154,0.305256692,2,2,1,8,3,1,Good
189,199.3916086,3.323193477,1,1,1,9,3,4,Ok
190,147.9435319,2.465725531,2,2,1,10,3,2,Ok
191,519.9485672,8.665809453,2,1,0,11,4,9,Ok
192,174.8615929,2.914359882,1,2,0,12,4,3,Ok
193,19.63301541,0.327216924,2,1,1,1,4,1,Ok
194,256.6989067,4.278315111,1,2,2,2,1,4,Ok
195,471.3180736,7.855301227,2,1,2,3,1,8,Ok
196,129.9549922,2.165916537,2,2,2,4,1,3,Good
197,309.6357718,5.160596197,1,1,2,5,2,6,Ok
198,323.330968,5.388849467,2,2,2,6,2,6,Good
199,349.5153146,5.825255243,1,1,2,7,2,5,Ok
200,222.4925545,3.708209242,2,2,1,8,3,3,Ok
201,590.7048201,9.845080334,2,1,1,9,3,9,Ok
202,283.1176068,4.71862678,1,2,2,10,3,4,Ok
203,162.5133244,2.708555406,2,1,2,11,4,2,Ok
204,311.6088714,5.193481191,1,2,0,12,4,5,Ok
205,349.0140161,5.816900268,2,1,0,1,4,6,Ok
206,179.0038055,2.983396758,2,2,0,2,1,2,Ok
207,220.0275337,3.667125562,1,1,1,3,1,4,Ok
208,543.6579796,9.060966326,2,2,0,4,1,9,Ok
209,422.2695824,7.037826373,1,1,1,5,2,7,Ok
210,345.0458466,5.75076411,2,2,1,6,2,5,Ok
211,445.4050555,7.423417592,2,1,1,7,2,7,Ok
212,60.33692837,1.005615473,1,2,0,8,3,1,Ok
213,178.6104703,2.976841171,2,1,2,9,3,3,Ok
214,97.04619688,1.617436615,1,2,2,10,3,2,Ok
215,265.2751345,4.421252241,2,1,2,11,4,5,Ok
216,23.48909393,0.391484899,2,2,1,12,4,1,Good
217,409.3361076,6.822268459,1,1,2,1,4,6,Ok
218,397.2683623,6.621139372,2,2,1,2,1,7,Good
219,588.6475732,9.810792887,1,1,2,3,1,10,Ok
220,520.4658429,8.674430715,2,2,0,4,1,9,Good
221,231.3468124,3.855780207,2,1,1,5,2,4,Ok
222,385.3042641,6.421737735,1,2,0,6,2,6,Ok
223,449.376994,7.489616566,2,1,0,7,2,8,Ok
224,598.3674396,9.972790659,1,2,1,8,3,10,Ok
225,524.1584735,8.735974559,2,1,1,9,3,8,Ok
226,295.1123618,4.918539363,2,2,1,10,3,4,Ok
227,146.0430485,2.434050808,1,1,0,11,4,2,Ok
228,595.4697324,9.924495539,2,2,2,12,4,9,Ok
229,311.4314745,5.190524575,1,1,1,1,4,6,Ok
230,178.7119811,2.978533018,2,2,2,2,1,2,Ok
231,514.8903736,8.581506227,2,1,1,3,1,8,Ok
232,581.4052866,9.69008811,1,2,2,4,1,9,Ok
233,28.24822431,0.470803739,2,1,2,5,2,0,Ok
234,331.0418807,5.517364679,1,2,0,6,2,5,Ok
235,143.6080804,2.393468007,2,1,1,7,2,2,Ok
236,314.0506054,5.234176757,2,2,0,8,3,5,Ok
237,478.6396604,7.977327673,1,1,0,9,3,8,Ok
238,596.3136207,9.938560345,2,2,0,10,3,10,Good
239,16.96767576,0.282794596,1,1,2,11,4,0,Ok
240,129.9869931,2.166449885,2,2,0,12,4,2,Ok
241,8.609132881,0.143485548,2,1,0,1,4,0,Ok
242,391.0794528,6.51799088,1,2,1,2,1,6,Ok
243,59.52774637,0.992129106,2,1,0,3,1,1,Ok
244,475.7517924,7.929196541,1,2,2,4,1,8,Ok
245,496.1364452,8.268940754,2,1,2,5,2,8,Ok
246,44.36036635,0.739339439,2,2,1,6,2,0,Ok
247,289.0043846,4.816739744,1,1,2,7,2,4,Ok
248,561.2109876,9.35351646,2,2,2,8,3,9,Ok
249,161.7236555,2.695394258,1,1,1,9,3,3,Ok
250,344.5937002,5.743228337,2,2,1,10,3,5,Ok
251,327.0600517,5.451000862,2,1,2,11,4,5,Ok
252,247.140439,4.119007316,1,2,1,12,4,5,Ok
253,99.3029406,1.65504901,2,1,0,1,4,1,Ok
254,589.9012966,9.831688277,1,2,0,2,1,10,Ok
255,201.3334028,3.355556713,2,1,0,3,1,3,Ok
256,284.1298389,4.735497315,2,2,0,4,1,4,Ok
257,186.9707908,3.116179846,1,1,1,5,2,4,Ok
258,91.92347674,1.532057946,2,2,1,6,2,1,Ok
259,202.6744643,3.377907738,1,1,1,7,2,4,Ok
260,315.5342996,5.258904994,2,2,2,8,3,6,Good
261,437.3660265,7.289433774,2,1,2,9,3,8,Ok
262,304.5733548,5.076222579,1,2,2,10,3,6,Ok
263,348.5006566,5.808344277,2,1,0,11,4,5,Ok
264,335.3395262,5.588992104,1,2,1,12,4,5,Ok
265,203.8651769,3.397752948,2,1,0,1,4,4,Ok
266,129.4401837,2.157336396,2,2,2,2,1,2,Ok
267,78.8327542,1.313879237,1,1,1,3,1,1,Ok
268,257.0580222,4.28430037,2,2,0,4,1,5,Good
269,156.1181917,2.601969862,1,1,1,5,2,2,Ok
270,202.6596009,3.377660014,2,2,1,6,2,3,Ok
271,299.9905565,4.999842609,2,1,1,7,2,5,Ok
272,376.4410885,6.274018142,1,2,1,8,3,7,Ok
273,94.56809994,1.576134999,2,1,2,9,3,2,Ok
274,159.0294101,2.650490169,1,2,1,10,3,3,Ok
275,110.7049174,1.845081957,2,1,2,11,4,2,Ok
276,493.3285725,8.222142874,2,2,0,12,4,9,Good
277,268.4475762,4.474126271,1,1,0,1,4,4,Ok
278,46.90051107,0.781675185,2,2,1,2,1,0,Ok
279,419.19075,6.9865125,1,1,1,3,1,6,Ok
280,476.7957529,7.946595882,2,2,2,4,1,7,Ok
281,517.8015526,8.630025876,2,1,1,5,2,9,Ok
282,227.5447943,3.792413239,1,2,0,6,2,4,Ok
283,298.3499437,4.972499062,2,1,0,7,2,5,Ok
284,179.1084378,2.98514063,1,2,1,8,3,2,Ok
285,378.1659777,6.302766294,2,1,1,9,3,6,Ok
286,72.33813083,1.205635514,2,2,2,10,3,2,Good
287,420.5638335,7.009397224,1,1,1,11,4,8,Ok
288,517.1333121,8.618888535,2,2,2,12,4,8,Ok
289,99.13082216,1.652180369,1,1,1,1,4,1,Ok
290,25.05900538,0.41765009,2,2,1,2,1,1,Good
291,212.1280849,3.535468082,2,1,1,3,1,4,Ok
292,98.53129824,1.642188304,1,2,0,4,1,1,Ok
293,247.4700286,4.124500477,2,1,0,5,2,5,Ok
294,534.2037814,8.903396357,1,2,0,6,2,9,Ok
295,41.19847405,0.686641234,2,1,0,7,2,0,Ok
296,237.7650683,3.962751138,2,2,1,8,3,4,Good
297,141.5716265,2.359527109,1,1,1,9,3,2,Ok
298,597.6427538,9.960712563,2,2,0,10,3,9,Ok
299,385.9090346,6.431817244,1,1,0,11,4,7,Ok
300,528.8913477,8.814855794,2,2,2,12,4,9,Good
301,437.1520225,7.285867042,2,1,0,1,4,7,Ok
302,23.76821147,0.396136858,1,2,1,2,1,1,Ok
303,466.2714615,7.771191025,2,1,2,3,1,8,Ok
304,212.2262909,3.537104848,1,2,2,4,1,4,Ok
305,135.9872224,2.266453707,2,1,0,5,2,2,Ok
306,238.9016959,3.981694931,2,2,1,6,2,4,Good
307,354.823551,5.91372585,1,1,2,7,2,6,Ok
308,250.2255222,4.170425371,2,2,1,8,3,4,Ok
309,481.9936729,8.033227882,1,1,1,9,3,8,Ok
310,374.449356,6.240822599,2,2,1,10,3,7,Good
311,288.7363293,4.812272156,2,1,1,11,4,5,Ok
312,163.9562204,2.732603673,1,2,2,12,4,3,Ok
313,384.3667761,6.406112934,2,1,1,1,4,7,Ok
314,302.3350692,5.03891782,1,2,0,2,1,6,Ok
315,334.2163571,5.570272618,2,1,0,3,1,6,Ok
316,67.52177107,1.125362851,2,2,2,4,1,1,Ok
317,565.8135536,9.430225894,1,1,2,5,2,9,Ok
318,137.837016,2.2972836,2,2,0,6,2,3,Good
319,373.1389334,6.218982223,1,1,2,7,2,6,Ok
320,387.3331762,6.455552936,2,2,1,8,3,7,Good
321,215.8232781,3.597054635,2,1,2,9,3,3,Ok
322,37.45887475,0.624314579,1,2,1,10,3,0,Ok
323,353.0803072,5.884671786,2,1,1,11,4,5,Ok
324,509.3871365,8.489785609,1,2,1,12,4,9,Ok
325,488.7997611,8.146662685,2,1,1,1,4,9,Ok
326,49.5895783,0.826492972,2,2,1,2,1,1,Good
327,165.7402579,2.762337632,1,1,0,3,1,3,Ok
328,424.8397196,7.080661993,2,2,2,4,1,8,Good
329,369.0969318,6.15161553,1,1,0,5,2,6,Ok
330,283.3375473,4.722292454,2,2,2,6,2,4,Ok
331,7.598283196,0.126638053,2,1,2,7,2,1,Ok
332,109.4580654,1.82430109,1,2,0,8,3,1,Ok
333,538.6622688,8.977704481,2,1,2,9,3,8,Ok
334,370.6874474,6.178124123,1,2,0,10,3,7,Ok
335,531.5151884,8.858586473,2,1,2,11,4,9,Ok
336,5.306138368,0.088435639,2,2,0,12,4,0,Ok
337,252.4264313,4.207107189,1,1,1,1,4,5,Ok
338,246.8666055,4.114443424,2,2,2,2,1,5,Good
339,20.63145525,0.343857588,1,1,1,3,1,1,Ok
340,452.9783075,7.549638458,2,2,2,4,1,7,Ok
341,0.847075445,0.014117924,2,1,2,5,2,1,Ok
342,595.4158623,9.923597705,1,2,1,6,2,9,Ok
343,350.9665491,5.849442484,2,1,2,7,2,6,Ok
344,66.07865811,1.101310969,1,2,1,8,3,1,Ok
345,496.6501793,8.277502989,2,1,2,9,3,9,Ok
346,81.34296478,1.35571608,2,2,2,10,3,2,Good
347,157.3650535,2.622750891,1,1,0,11,4,2,Ok
348,375.0679122,6.25113187,2,2,0,12,4,6,Ok
349,87.42814736,1.457135789,1,1,1,1,4,2,Ok
350,439.7606102,7.329343503,2,2,2,2,1,7,Ok
351,127.547502,2.1257917,2,1,0,3,1,3,Ok
352,464.9306289,7.748843816,1,2,0,4,1,8,Ok
353,539.4340321,8.990567202,2,1,2,5,2,9,Ok
354,233.4320632,3.890534387,1,2,2,6,2,4,Ok
355,83.31685447,1.388614241,2,1,1,7,2,2,Ok
356,401.3873342,6.689788904,2,2,1,8,3,7,Good
357,78.41966879,1.30699448,1,1,1,9,3,1,Ok
358,366.3913797,6.106522995,2,2,1,10,3,6,Ok
359,399.357121,6.655952016,1,1,2,11,4,7,Ok
360,351.4099092,5.856831819,2,2,0,12,4,6,Good
361,67.93284516,1.132214086,2,1,2,1,4,1,Ok
362,162.9244755,2.715407924,1,2,1,2,1,3,Ok
363,382.2980861,6.371634768,2,1,0,3,1,6,Ok
364,31.30238474,0.521706412,1,2,0,4,1,1,Ok
365,430.0423675,7.167372792,2,1,0,5,2,8,Ok
366,443.7696677,7.396161128,2,2,0,6,2,7,Ok
367,239.5712056,3.992853427,1,1,1,7,2,3,Ok
368,555.3908359,9.256513931,2,2,2,8,3,10,Good
369,551.247324,9.187455401,1,1,0,9,3,10,Ok
370,564.3518839,9.405864732,2,2,0,10,3,9,Ok
371,402.7891787,6.713152978,2,1,1,11,4,7,Ok
372,90.25847874,1.504307979,1,2,1,12,4,1,Ok
373,571.9629414,9.53271569,2,1,2,1,4,9,Ok
374,162.7197062,2.711995103,1,2,1,2,1,3,Ok
375,453.9032984,7.565054974,2,1,1,3,1,7,Ok
376,444.6425252,7.410708754,2,2,0,4,1,7,Ok
377,477.6594615,7.960991024,1,1,0,5,2,7,Ok
378,319.2994276,5.321657127,2,2,2,6,2,5,Ok
379,414.1200122,6.902000203,1,1,2,7,2,7,Ok
380,250.1403089,4.169005148,2,2,1,8,3,4,Ok
381,114.439457,1.907324284,2,1,0,9,3,1,Ok
382,450.1725848,7.502876413,1,2,1,10,3,7,Ok
383,11.97755256,0.199625876,2,1,2,11,4,1,Ok
384,202.7552764,3.379254607,1,2,2,12,4,4,Ok
385,323.6773493,5.394622488,2,1,1,1,4,6,Ok
386,393.6767294,6.561278823,2,2,0,2,1,6,Ok
387,352.8029624,5.880049373,1,1,0,3,1,5,Ok
388,82.60637933,1.376772989,2,2,1,4,1,2,Good
389,545.2036959,9.086728266,1,1,0,5,2,10,Ok
390,524.4643534,8.741072556,2,2,0,6,2,9,Good
391,346.8720457,5.781200762,2,1,1,7,2,5,Ok
392,551.4758721,9.191264535,1,2,2,8,3,9,Ok
393,585.0582333,9.750970555,2,1,1,9,3,9,Ok
394,453.2660453,7.554434088,1,2,2,10,3,7,Ok
395,302.527648,5.042127467,2,1,1,11,4,6,Ok
396,129.9369313,2.165615522,2,2,2,12,4,3,Good
397,418.5981861,6.976636435,1,1,0,1,4,6,Ok
398,251.8467224,4.197445373,2,2,0,2,1,4,Ok
399,411.5620344,6.85936724,1,1,0,3,1,6,Ok
400,312.6914554,5.211524257,2,2,0,4,1,6,Good
401,96.56320331,1.609386722,2,1,1,5,2,2,Ok
402,308.9199369,5.148665616,1,2,0,6,2,5,Ok
403,261.6527128,4.360878547,2,1,2,7,2,4,Ok
404,532.5025889,8.875043149,1,2,2,8,3,8,Ok
405,507.9219357,8.465365595,2,1,1,9,3,8,Ok
406,157.8856409,2.631427349,2,2,2,10,3,3,Good
407,486.4865665,8.108109442,1,1,2,11,4,9,Ok
408,349.0707612,5.817846021,2,2,2,12,4,6,Good
409,422.4830198,7.041383663,1,1,2,1,4,7,Ok
410,478.9271919,7.982119865,2,2,1,2,1,8,Good
411,177.7048486,2.961747477,2,1,2,3,1,3,Ok
412,518.1444785,8.635741308,1,2,2,4,1,9,Ok
413,162.1748145,2.702913574,2,1,1,5,2,3,Ok
414,469.1530447,7.819217412,1,2,1,6,2,8,Ok
415,30.16932244,0.502822041,2,1,2,7,2,1,Ok
416,127.143084,2.1190514,2,2,1,8,3,2,Ok
417,423.463735,7.057728916,1,1,1,9,3,8,Ok
418,517.3592199,8.622653664,2,2,0,10,3,9,Good
419,58.74168121,0.97902802,1,1,1,11,4,0,Ok
420,80.06310545,1.334385091,2,2,2,12,4,2,Good
421,594.9341711,9.915569518,2,1,2,1,4,9,Ok
422,548.6947243,9.144912071,1,2,0,2,1,10,Ok
423,79.50512245,1.325085374,2,1,0,3,1,2,Ok
424,199.3750092,3.32291682,1,2,2,4,1,3,Ok
425,267.1780287,4.452967145,2,1,2,5,2,5,Ok
426,199.5779722,3.326299537,2,2,1,6,2,4,Good
427,500.7733706,8.346222843,1,1,0,7,2,8,Ok
428,530.7986862,8.84664477,2,2,2,8,3,9,Good
429,175.0320435,2.917200725,1,1,0,9,3,3,Ok
430,589.5715348,9.826192247,2,2,0,10,3,9,Ok
431,369.8895848,6.164826413,2,1,1,11,4,6,Ok
432,317.1013275,5.285022124,1,2,1,12,4,5,Ok
433,550.8460046,9.180766744,2,1,1,1,4,10,Ok
434,26.56325976,0.442720996,1,2,2,2,1,0,Ok
435,382.7965103,6.379941839,2,1,0,3,1,7,Ok
436,170.480791,2.841346516,2,2,0,4,1,2,Ok
437,78.66680131,1.311113355,1,1,0,5,2,1,Ok
438,472.6558895,7.877598158,2,2,1,6,2,7,Ok
439,400.9685552,6.682809253,1,1,1,7,2,6,Ok
440,182.2820241,3.038033735,2,2,0,8,3,4,Good
441,247.3483782,4.122472971,2,1,2,9,3,5,Ok
442,175.7199994,2.928666657,1,2,0,10,3,2,Ok
443,75.65702942,1.26095049,2,1,2,11,4,1,Ok
444,578.7720669,9.646201116,1,2,1,12,4,9,Ok
445,551.0976685,9.184961142,2,1,1,1,4,10,Ok
446,499.3038784,8.321731306,2,2,2,2,1,8,Ok
447,513.1528176,8.55254696,1,1,1,3,1,9,Ok
448,383.6231841,6.393719734,2,2,1,4,1,6,Ok
449,288.0524122,4.800873536,1,1,0,5,2,5,Ok
450,379.9418564,6.332364274,2,2,0,6,2,7,Good
451,352.8352818,5.880588029,2,1,2,7,2,6,Ok
452,485.9265732,8.09877622,1,2,2,8,3,8,Ok
453,93.40693367,1.556782228,2,1,2,9,3,1,Ok
454,466.1920924,7.769868206,1,2,1,10,3,7,Ok
455,398.5627132,6.642711886,2,1,2,11,4,7,Ok
456,576.2985175,9.604975291,2,2,2,12,4,9,Ok
457,81.56106987,1.359351164,1,1,1,1,4,2,Ok
458,559.6992051,9.328320085,2,2,0,2,1,9,Ok
459,392.5777815,6.542963025,1,1,1,3,1,6,Ok
460,379.0992498,6.31832083,2,2,2,4,1,7,Good
461,139.8954432,2.33159072,2,1,2,5,2,3,Ok
462,422.1510083,7.035850139,1,2,1,6,2,7,Ok
463,113.9565632,1.899276054,2,1,0,7,2,2,Ok
464,209.9605168,3.499341946,1,2,1,8,3,4,Ok
465,164.1872939,2.736454899,2,1,1,9,3,2,Ok
466,541.8147406,9.030245676,2,2,1,10,3,9,Ok
467,222.8335076,3.713891793,1,1,0,11,4,4,Ok
468,334.4398246,5.573997077,2,2,2,12,4,5,Ok
469,357.7521462,5.962535769,1,1,0,1,4,6,Ok
470,367.9391021,6.132318369,2,2,2,2,1,7,Good
471,385.8630652,6.431051087,2,1,2,3,1,7,Ok
472,448.7237914,7.478729857,1,2,0,4,1,8,Ok
473,132.9045122,2.215075204,2,1,0,5,2,3,Ok
474,295.2204913,4.920341522,1,2,1,6,2,4,Ok
475,450.8158375,7.513597291,2,1,2,7,2,8,Ok
476,278.0831009,4.634718348,2,2,2,8,3,5,Good
477,1.466549727,0.024442495,1,1,0,9,3,0,Ok
478,78.77709456,1.312951576,2,2,1,10,3,1,Ok
479,195.8286346,3.263810577,1,1,0,11,4,3,Ok
480,80.11742453,1.335290409,2,2,2,12,4,2,Good
481,552.1138587,9.201897645,2,1,0,1,4,10,Ok
482,356.404784,5.940079733,1,2,1,2,1,6,Ok
483,111.6728394,1.86121399,2,1,0,3,1,2,Ok
484,238.361612,3.972693534,1,2,2,4,1,4,Ok
485,436.1441395,7.269068991,2,1,1,5,2,7,Ok
486,396.6882715,6.611471192,2,2,2,6,2,6,Ok
487,255.6373978,4.260623297,1,1,0,7,2,5,Ok
488,57.26549232,0.954424872,2,2,2,8,3,1,Good
489,209.3994126,3.48999021,1,1,2,9,3,4,Ok
490,254.318161,4.238636017,2,2,0,10,3,4,Ok
491,581.5694192,9.692823653,2,1,1,11,4,10,Ok
492,368.10017,6.135002834,1,2,2,12,4,6,Ok
493,288.4117987,4.806863312,2,1,1,1,4,4,Ok
494,168.7128281,2.811880468,1,2,0,2,1,3,Ok
495,432.8612597,7.214354329,2,1,1,3,1,7,Ok
496,251.7001221,4.195002035,2,2,2,4,1,4,Ok
497,509.7391589,8.495652648,1,1,1,5,2,8,Ok
498,528.7409623,8.812349372,2,2,2,6,2,8,Ok
499,237.7472349,3.962453914,1,1,2,7,2,4,Ok
500,378.3986806,6.306644677,2,2,1,8,3,6,Ok
501,461.7761917,7.696269861,2,1,0,9,3,7,Ok
502,99.75377104,1.662562851,1,2,0,10,3,2,Ok
503,485.7185303,8.095308838,2,1,0,11,4,8,Ok
504,530.1918007,8.836530012,1,2,2,12,4,8,Ok
505,549.0093224,9.150155373,2,1,2,1,4,10,Ok
506,219.9055865,3.665093108,2,2,2,2,1,4,Good
507,300.4502459,5.007504098,1,1,0,3,1,6,Ok
508,487.0424471,8.117374119,2,2,2,4,1,8,Ok
509,153.0099016,2.550165026,1,1,0,5,2,3,Ok
510,289.6295846,4.827159743,2,2,0,6,2,5,Good
511,444.6729678,7.411216131,2,1,2,7,2,7,Ok
512,596.8203214,9.947005356,1,2,2,8,3,9,Ok
513,450.4471584,7.50745264,2,1,2,9,3,8,Ok
514,489.3644161,8.156073601,1,2,2,10,3,9,Ok
515,218.2607112,3.63767852,2,1,2,11,4,3,Ok
516,203.0837954,3.384729923,2,2,1,12,4,3,Ok
517,316.0193519,5.266989198,1,1,0,1,4,5,Ok
518,289.1260754,4.818767923,2,2,2,2,1,5,Good
519,0.726978763,0.012116313,1,1,0,3,1,0,Ok
520,136.5853699,2.276422832,2,2,1,4,1,2,Ok
521,56.52878405,0.942146401,2,1,1,5,2,0,Ok
522,528.3603563,8.806005938,1,2,0,6,2,9,Ok
523,80.98439716,1.349739953,2,1,1,7,2,2,Ok
524,402.3633452,6.706055753,1,2,1,8,3,7,Ok
525,424.3754013,7.072923356,2,1,0,9,3,7,Ok
526,31.16971849,0.519495308,2,2,1,10,3,1,Good
527,93.40838078,1.556806346,1,1,2,11,4,2,Ok
528,391.5638477,6.526064129,2,2,1,12,4,6,Ok
529,324.1320918,5.40220153,1,1,0,1,4,5,Ok
530,446.3908974,7.43984829,2,2,0,2,1,8,Good
531,6.055246258,0.100920771,2,1,2,3,1,0,Ok
532,510.7283452,8.512139087,1,2,1,4,1,9,Ok
533,99.96613951,1.666102325,2,1,1,5,2,1,Ok
534,245.6682194,4.094470324,1,2,0,6,2,5,Ok
535,187.4384638,3.123974396,2,1,0,7,2,4,Ok
536,474.570737,7.909512284,2,2,1,8,3,7,Ok
537,339.7242372,5.66207062,1,1,0,9,3,5,Ok
538,486.2072204,8.103453674,2,2,1,10,3,9,Good
539,273.8480835,4.564134726,1,1,0,11,4,4,Ok
540,474.6759782,7.911266304,2,2,1,12,4,7,Ok
541,500.6159866,8.343599776,2,1,2,1,4,9,Ok
542,320.9291695,5.348819492,1,2,0,2,1,6,Ok
543,111.6243175,1.860405291,2,1,2,3,1,1,Ok
544,193.433368,3.223889466,1,2,1,4,1,3,Ok
545,96.67644231,1.611274038,2,1,2,5,2,1,Ok
546,171.726932,2.862115534,2,2,0,6,2,3,Good
547,153.2296205,2.553827008,1,1,1,7,2,3,Ok
548,81.49046275,1.358174379,2,2,0,8,3,1,Ok
549,569.661579,9.494359649,1,1,1,9,3,9,Ok
550,42.6472939,0.710788232,2,2,1,10,3,0,Ok
551,7.186523923,0.119775399,2,1,1,11,4,0,Ok
552,83.77619708,1.396269951,1,2,2,12,4,2,Ok
553,99.42018097,1.657003016,2,1,2,1,4,1,Ok
554,406.4587177,6.774311962,1,2,0,2,1,7,Ok
555,73.50368139,1.225061356,2,1,2,3,1,2,Ok
556,5.448381774,0.090806363,2,2,2,4,1,1,Good
557,525.4477786,8.757462977,1,1,1,5,2,9,Ok
558,92.97693398,1.549615566,2,2,0,6,2,1,Ok
559,150.7478933,2.512464888,1,1,0,7,2,2,Ok
560,257.1189941,4.285316569,2,2,0,8,3,5,Good
561,493.0884447,8.218140745,2,1,2,9,3,8,Ok
562,137.0529226,2.284215377,1,2,0,10,3,2,Ok
563,172.6904587,2.878174312,2,1,2,11,4,3,Ok
564,98.63886816,1.643981136,1,2,0,12,4,1,Ok
565,270.4698093,4.507830154,2,1,1,1,4,5,Ok
566,420.3749362,7.006248937,2,2,1,2,1,8,Good
567,300.6068962,5.010114936,1,1,2,3,1,6,Ok
568,218.4751997,3.641253328,2,2,1,4,1,3,Ok
569,37.89075568,0.631512595,1,1,2,5,2,0,Ok
570,121.3654793,2.022757989,2,2,1,6,2,3,Good
571,142.1153719,2.368589532,2,1,1,7,2,3,Ok
572,430.4959135,7.174931892,1,2,2,8,3,7,Ok
573,205.8053312,3.430088853,2,1,2,9,3,4,Ok
574,537.4550974,8.957584956,1,2,2,10,3,8,Ok
575,65.78965011,1.096494168,2,1,2,11,4,2,Ok
576,331.5794781,5.526324634,2,2,1,12,4,6,Good
577,139.1997771,2.319996286,1,1,0,1,4,3,Ok
578,22.95453463,0.382575577,2,2,0,2,1,1,Good
579,572.51924,9.541987333,1,1,0,3,1,10,Ok
580,97.61003476,1.626833913,2,2,2,4,1,2,Good
581,557.4545084,9.290908474,2,1,0,5,2,9,Ok
582,271.3727886,4.522879811,1,2,0,6,2,5,Ok
583,77.11646473,1.285274412,2,1,2,7,2,1,Ok
584,494.0685711,8.234476185,1,2,0,8,3,8,Ok
585,558.9688667,9.316147779,2,1,0,9,3,9,Ok
586,570.4492863,9.507488106,2,2,1,10,3,9,Ok
587,278.2385077,4.637308462,1,1,1,11,4,5,Ok
588,196.0127518,3.266879197,2,2,1,12,4,3,Ok
589,121.6093799,2.026822998,1,1,1,1,4,3,Ok
590,543.2266572,9.05377762,2,2,2,2,1,10,Good
591,257.393456,4.289890934,2,1,1,3,1,5,Ok
592,45.9341114,0.765568523,1,2,1,4,1,1,Ok
593,568.1142114,9.468570191,2,1,2,5,2,9,Ok
594,474.2933678,7.904889463,1,2,1,6,2,7,Ok
595,370.2233735,6.170389559,2,1,0,7,2,6,Ok
596,550.5068888,9.175114813,2,2,2,8,3,9,Ok
597,285.1118768,4.751864614,1,1,1,9,3,4,Ok
598,267.5330276,4.458883794,2,2,0,10,3,4,Ok
599,170.6875838,2.844793063,1,1,0,11,4,3,Ok
600,307.6025936,5.126709893,2,2,1,12,4,5,Ok
601,136.9712761,2.282854602,2,1,2,1,4,3,Ok
602,461.5229054,7.692048424,1,2,1,2,1,7,Ok
603,133.9471472,2.232452454,2,1,1,3,1,2,Ok
604,170.5336008,2.842226681,1,2,1,4,1,3,Ok
605,285.2019048,4.75336508,2,1,0,5,2,4,Ok
606,56.23281446,0.937213574,2,2,1,6,2,0,Ok
607,24.93125759,0.41552096,1,1,1,7,2,1,Ok
608,432.4660065,7.207766774,2,2,1,8,3,7,Ok
609,145.6223832,2.42703972,1,1,2,9,3,2,Ok
610,467.8928422,7.798214036,2,2,1,10,3,7,Ok
611,376.8629413,6.281049022,2,1,1,11,4,7,Ok
612,484.0315721,8.067192869,1,2,2,12,4,8,Ok
613,159.0044336,2.650073893,2,1,0,1,4,3,Ok
614,590.9112076,9.848520126,1,2,0,2,1,9,Ok
615,35.90755469,0.598459245,2,1,2,3,1,1,Ok
616,545.1981434,9.086635723,2,2,1,4,1,9,Ok
617,461.6875186,7.694791977,1,1,2,5,2,7,Ok
618,469.1110729,7.818517881,2,2,0,6,2,8,Good
619,108.4113415,1.806855691,1,1,2,7,2,2,Ok
620,541.9385187,9.032308645,2,2,1,8,3,9,Ok
621,599.7402968,9.995671614,2,1,2,9,3,10,Ok
622,589.2061496,9.820102493,1,2,1,10,3,10,Ok
623,42.3505176,0.70584196,2,1,1,11,4,0,Ok
624,136.8140676,2.280234461,1,2,1,12,4,3,Ok
625,387.8194773,6.463657956,2,1,1,1,4,6,Ok
626,393.5661152,6.559435253,2,2,2,2,1,6,Ok
627,314.1026859,5.235044765,1,1,2,3,1,5,Ok
628,217.2335606,3.620559343,2,2,0,4,1,4,Good
629,440.684426,7.344740434,1,1,2,5,2,8,Ok
630,49.87587806,0.831264634,2,2,2,6,2,1,Good
631,534.9834331,8.916390551,2,1,2,7,2,8,Ok
632,175.3563455,2.922605758,1,2,1,8,3,3,Ok
633,319.7261247,5.328768745,2,1,0,9,3,6,Ok
634,5.465063166,0.091084386,1,2,0,10,3,1,Ok
635,82.35603501,1.372600583,2,1,0,11,4,1,Ok
636,427.7063356,7.128438927,2,2,2,12,4,7,Ok
637,269.892348,4.498205799,1,1,1,1,4,4,Ok
638,361.3401837,6.022336394,2,2,1,2,1,7,Good
639,280.4346874,4.673911457,1,1,2,3,1,5,Ok
640,162.64831,2.710805167,2,2,1,4,1,3,Good
641,375.1893465,6.253155774,2,1,1,5,2,6,Ok
642,566.5539404,9.442565674,1,2,0,6,2,10,Ok
643,467.7717364,7.796195606,2,1,0,7,2,7,Ok
644,91.06907583,1.517817931,1,2,2,8,3,1,Ok
645,71.67757398,1.194626233,2,1,1,9,3,2,Ok
646,588.1657626,9.80276271,2,2,2,10,3,10,Good
647,551.1976323,9.186627205,1,1,1,11,4,10,Ok
648,491.9283328,8.198805547,2,2,1,12,4,8,Ok
649,36.15226884,0.602537814,1,1,0,1,4,1,Ok
650,189.1332299,3.152220499,2,2,0,2,1,3,Ok
651,353.6331158,5.893885263,2,1,0,3,1,5,Ok
652,206.0155039,3.433591731,1,2,2,4,1,3,Ok
653,147.5095122,2.458491871,2,1,1,5,2,3,Ok
654,109.5820214,1.826367024,1,2,1,6,2,2,Ok
655,523.4536365,8.724227274,2,1,1,7,2,8,Ok
656,175.4635984,2.924393306,2,2,1,8,3,2,Ok
657,198.8538187,3.314230311,1,1,0,9,3,4,Ok
658,35.84717297,0.597452883,2,2,1,10,3,0,Ok
659,518.2731327,8.637885546,1,1,0,11,4,8,Ok
660,489.7099837,8.161833062,2,2,0,12,4,9,Good
661,528.3510479,8.805850798,2,1,2,1,4,9,Ok
662,592.0305727,9.867176212,1,2,1,2,1,9,Ok
663,594.9451903,9.915753171,2,1,0,3,1,10,Ok
664,406.7318669,6.778864448,1,2,1,4,1,7,Ok
665,99.67860332,1.661310055,2,1,2,5,2,2,Ok
666,46.22272377,0.770378729,2,2,0,6,2,0,Ok
667,473.9544156,7.89924026,1,1,0,7,2,7,Ok
668,592.0317418,9.867195697,2,2,2,8,3,9,Ok
669,193.0338894,3.217231491,1,1,0,9,3,4,Ok
670,403.7948388,6.72991398,2,2,1,10,3,7,Good
671,163.9652119,2.732753531,2,1,1,11,4,3,Ok
672,391.4491712,6.524152853,1,2,0,12,4,6,Ok
673,226.4888608,3.774814347,2,1,2,1,4,3,Ok
674,161.920062,2.698667699,1,2,0,2,1,3,Ok
675,145.7685186,2.429475311,2,1,2,3,1,3,Ok
676,286.2379345,4.770632241,2,2,1,4,1,5,Good
677,411.4540688,6.857567814,1,1,1,5,2,7,Ok
678,389.9806302,6.499677171,2,2,2,6,2,6,Ok
679,192.7243311,3.212072184,1,1,2,7,2,4,Ok
680,490.5427857,8.175713095,2,2,0,8,3,9,Good
681,333.8656789,5.564427982,2,1,0,9,3,5,Ok
682,488.648708,8.144145134,1,2,1,10,3,8,Ok
683,461.1065036,7.685108393,2,1,2,11,4,8,Ok
684,92.22721779,1.537120296,1,2,0,12,4,1,Ok
685,9.207653325,0.153460889,2,1,2,1,4,1,Ok
686,484.1734073,8.069556789,2,2,2,2,1,8,Ok
687,13.82361031,0.230393505,1,1,0,3,1,0,Ok
688,531.3113312,8.855188854,2,2,2,4,1,9,Good
689,459.3950919,7.656584866,1,1,2,5,2,7,Ok
690,307.4913765,5.124856275,2,2,2,6,2,5,Ok
691,158.9604798,2.64934133,2,1,0,7,2,3,Ok
692,15.15108272,0.252518045,1,2,0,8,3,0,Ok
693,485.6473458,8.094122429,2,1,1,9,3,8,Ok
694,1.801613847,0.030026897,1,2,2,10,3,0,Ok
695,447.6167078,7.460278464,2,1,0,11,4,8,Ok
696,196.7288011,3.278813352,2,2,2,12,4,4,Good
697,598.1396068,9.968993447,1,1,0,1,4,10,Ok
698,555.1442561,9.252404268,2,2,2,2,1,9,Ok
699,418.009557,6.96682595,1,1,2,3,1,6,Ok
700,421.6017251,7.026695419,2,2,1,4,1,7,Ok
701,108.9637703,1.816062838,2,1,2,5,2,1,Ok
702,444.7569976,7.412616627,1,2,1,6,2,8,Ok
703,140.6690259,2.344483765,2,1,2,7,2,2,Ok
704,362.2655739,6.037759565,1,2,0,8,3,6,Ok
705,147.7348923,2.462248205,2,1,0,9,3,2,Ok
706,520.0461832,8.667436386,2,2,2,10,3,9,Good
707,493.5944181,8.226573636,1,1,2,11,4,8,Ok
708,45.72020097,0.762003349,2,2,0,12,4,1,Good
709,194.0082821,3.233471369,1,1,2,1,4,3,Ok
710,448.2385362,7.47064227,2,2,0,2,1,7,Ok
711,166.8390182,2.780650303,2,1,2,3,1,2,Ok
712,322.9033125,5.381721875,1,2,0,4,1,5,Ok
713,309.168237,5.15280395,2,1,0,5,2,6,Ok
714,369.1338423,6.152230705,1,2,2,6,2,7,Ok
715,502.2383425,8.370639042,2,1,0,7,2,8,Ok
716,563.9202628,9.398671046,2,2,2,8,3,9,Ok
717,234.5151444,3.90858574,1,1,2,9,3,3,Ok
718,314.0375478,5.23395913,2,2,0,10,3,5,Ok
719,135.5469796,2.259116326,1,1,2,11,4,2,Ok
720,470.4480054,7.84080009,2,2,0,12,4,8,Good
721,480.720277,8.012004616,2,1,2,1,4,9,Ok
722,81.26117608,1.354352935,1,2,1,2,1,2,Ok
723,71.0995293,1.184992155,2,1,0,3,1,2,Ok
724,544.5982615,9.076637691,1,2,0,4,1,10,Ok
725,43.24879792,0.720813299,2,1,2,5,2,0,Ok
726,504.1004961,8.401674935,2,2,2,6,2,9,Good
727,143.0851339,2.384752232,1,1,1,7,2,2,Ok
728,64.55290079,1.07588168,2,2,2,8,3,1,Ok
729,263.4660864,4.391101441,1,1,0,9,3,4,Ok
730,378.7630358,6.312717264,2,2,0,10,3,7,Good
731,261.6059501,4.360099168,2,1,0,11,4,4,Ok
732,215.7779881,3.596299802,1,2,1,12,4,3,Ok
733,256.5256862,4.275428103,2,1,2,1,4,5,Ok
734,246.7458939,4.112431565,1,2,0,2,1,4,Ok
735,62.92834196,1.048805699,2,1,2,3,1,2,Ok
736,532.1129912,8.868549853,2,2,2,4,1,9,Good
737,486.8995467,8.114992445,1,1,2,5,2,9,Ok
738,385.265798,6.421096633,2,2,0,6,2,7,Good
739,64.39984671,1.073330779,1,1,2,7,2,2,Ok
740,49.7429112,0.82904852,2,2,0,8,3,1,Good
741,210.2084165,3.503473608,2,1,1,9,3,4,Ok
742,140.3667714,2.339446191,1,2,2,10,3,2,Ok
743,9.803483496,0.163391392,2,1,1,11,4,1,Ok
744,481.9516754,8.032527923,1,2,0,12,4,8,Ok
745,572.0790405,9.534650674,2,1,1,1,4,9,Ok
746,553.1958519,9.219930865,2,2,2,2,1,9,Ok
747,414.9158649,6.915264415,1,1,1,3,1,7,Ok
748,460.584766,7.676412767,2,2,0,4,1,8,Good
749,404.2103644,6.736839406,1,1,1,5,2,6,Ok
750,121.1314165,2.018856941,2,2,0,6,2,3,Good
751,139.0442648,2.317404414,2,1,2,7,2,3,Ok
752,176.8955708,2.948259513,1,2,1,8,3,2,Ok
753,404.9772238,6.749620396,2,1,2,9,3,7,Ok
754,343.735487,5.728924784,1,2,2,10,3,6,Ok
755,133.645257,2.22742095,2,1,1,11,4,3,Ok
756,570.9676941,9.516128235,2,2,0,12,4,9,Ok
757,149.7563134,2.495938557,1,1,1,1,4,2,Ok
758,346.9176586,5.781960976,2,2,0,2,1,6,Good
759,454.9219575,7.582032625,1,1,1,3,1,8,Ok
760,577.4708575,9.624514292,2,2,1,4,1,9,Ok
761,523.950515,8.732508584,2,1,2,5,2,8,Ok
762,535.9971651,8.933286086,1,2,1,6,2,8,Ok
763,396.7260023,6.612100038,2,1,2,7,2,6,Ok
764,522.1861328,8.703102213,1,2,1,8,3,9,Ok
765,229.6713099,3.827855165,2,1,1,9,3,4,Ok
766,387.9337338,6.46556223,2,2,0,10,3,6,Ok
767,574.6210571,9.577017618,1,1,1,11,4,10,Ok
768,347.0089001,5.783481668,2,2,1,12,4,6,Good
769,304.8220323,5.080367205,1,1,0,1,4,6,Ok
770,13.6967933,0.228279888,2,2,0,2,1,1,Good
771,347.2787793,5.787979655,2,1,2,3,1,5,Ok
772,497.4104668,8.290174447,1,2,2,4,1,9,Ok
773,200.435287,3.340588117,2,1,1,5,2,3,Ok
774,473.5196185,7.891993642,1,2,1,6,2,8,Ok
775,132.3530738,2.205884563,2,1,0,7,2,3,Ok
776,43.96646825,0.732774471,2,2,1,8,3,1,Good
777,510.38265,8.5063775,1,1,1,9,3,9,Ok
778,437.8414841,7.297358068,2,2,2,10,3,7,Ok
779,591.4610364,9.85768394,1,1,0,11,4,10,Ok
780,402.7258397,6.712097329,2,2,0,12,4,7,Good
781,18.23644493,0.303940749,2,1,0,1,4,0,Ok
782,187.3348946,3.122248243,1,2,2,2,1,3,Ok
783,21.99334852,0.366555809,2,1,0,3,1,1,Ok
784,393.210048,6.553500801,1,2,0,4,1,7,Ok
785,439.4841489,7.324735815,2,1,2,5,2,7,Ok
786,131.7787511,2.196312518,2,2,0,6,2,3,Good
787,0.718993101,0.011983218,1,1,0,7,2,0,Ok
788,467.825166,7.797086101,2,2,2,8,3,7,Ok
789,460.9931422,7.683219037,1,1,0,9,3,7,Ok
790,555.1866929,9.253111548,2,2,0,10,3,10,Good
791,206.6676053,3.444460088,2,1,2,11,4,3,Ok
792,506.7159358,8.445265596,1,2,1,12,4,8,Ok
793,553.5933247,9.226555412,2,1,0,1,4,9,Ok
794,451.1103752,7.518506254,1,2,2,2,1,7,Ok
795,212.5953164,3.543255273,2,1,1,3,1,4,Ok
796,28.44306882,0.474051147,2,2,2,4,1,0,Ok
797,599.94509,9.999084833,1,1,0,5,2,10,Ok
798,281.1266833,4.685444722,2,2,0,6,2,4,Ok
799,175.7408498,2.929014163,1,1,0,7,2,3,Ok
800,353.4037547,5.890062578,2,2,2,8,3,6,Good
801,530.9110173,8.848516955,2,1,1,9,3,8,Ok
802,240.2284691,4.003807819,1,2,0,10,3,4,Ok
803,272.3215685,4.538692808,2,1,0,11,4,4,Ok
804,410.1710614,6.836184356,1,2,2,12,4,6,Ok
805,536.0865654,8.934776089,2,1,1,1,4,8,Ok
806,490.1664923,8.169441538,2,2,1,2,1,9,Good
807,77.85776575,1.297629429,1,1,0,3,1,1,Ok
808,101.2007957,1.686679929,2,2,1,4,1,1,Ok
809,7.811589391,0.130193157,1,1,0,5,2,0,Ok
810,596.0842141,9.934736901,2,2,1,6,2,9,Ok
811,564.1202399,9.402003998,2,1,2,7,2,10,Ok
812,281.8101704,4.696836174,1,2,2,8,3,4,Ok
813,1.054115745,0.017568596,2,1,1,9,3,1,Ok
814,177.7309074,2.96218179,1,2,0,10,3,3,Ok
815,111.4098265,1.856830442,2,1,2,11,4,1,Ok
816,29.87226211,0.497871035,2,2,0,12,4,0,Ok
817,18.28376432,0.304729405,1,1,2,1,4,1,Ok
818,261.0866494,4.351444156,2,2,1,2,1,4,Ok
819,170.676418,2.844606967,1,1,1,3,1,2,Ok
820,282.0856612,4.701427686,2,2,1,4,1,5,Good
821,159.4388517,2.657314195,2,1,0,5,2,2,Ok
822,347.6210944,5.793684906,1,2,0,6,2,5,Ok
823,330.2099933,5.503499889,2,1,2,7,2,5,Ok
824,284.9854955,4.749758258,1,2,1,8,3,4,Ok
825,496.833683,8.280561383,2,1,1,9,3,8,Ok
826,453.7291558,7.562152596,2,2,2,10,3,8,Good
827,528.5576008,8.809293347,1,1,2,11,4,9,Ok
828,100.0731867,1.667886445,2,2,1,12,4,2,Good
829,267.9930491,4.466550818,1,1,2,1,4,5,Ok
830,416.579753,6.942995884,2,2,1,2,1,6,Ok
831,513.7001311,8.561668852,2,1,1,3,1,9,Ok
832,41.31986753,0.688664459,1,2,2,4,1,0,Ok
833,99.23151737,1.653858623,2,1,2,5,2,1,Ok
834,206.8786376,3.447977294,1,2,2,6,2,4,Ok
835,574.069123,9.567818716,2,1,2,7,2,10,Ok
836,401.3316209,6.688860348,2,2,2,8,3,6,Ok
837,368.425051,6.140417517,1,1,2,9,3,6,Ok
838,155.4111297,2.590185495,2,2,2,10,3,3,Good
839,360.5470069,6.009116782,1,1,0,11,4,7,Ok
840,198.5858801,3.309764669,2,2,2,12,4,4,Good
841,525.7359026,8.762265044,2,1,0,1,4,9,Ok
842,578.3451721,9.639086202,1,2,1,2,1,10,Ok
843,428.5169119,7.141948531,2,1,0,3,1,8,Ok
844,307.3771582,5.122952637,1,2,2,4,1,6,Ok
845,8.697106936,0.144951782,2,1,0,5,2,0,Ok
846,158.1628575,2.636047625,2,2,2,6,2,3,Good
847,451.7832662,7.529721103,1,1,0,7,2,8,Ok
848,302.4820531,5.041367551,2,2,0,8,3,6,Good
849,351.2010664,5.853351107,1,1,2,9,3,5,Ok
850,269.7132688,4.495221146,2,2,0,10,3,4,Ok
851,80.72987404,1.345497901,2,1,1,11,4,1,Ok
852,395.2217073,6.587028455,1,2,2,12,4,6,Ok
853,192.9304168,3.215506946,2,1,1,1,4,4,Ok
854,122.766027,2.046100449,1,2,1,2,1,2,Ok
855,167.5167299,2.791945499,2,1,2,3,1,3,Ok
856,28.70666509,0.478444418,2,2,0,4,1,0,Ok
857,462.6211435,7.710352392,1,1,1,5,2,7,Ok
858,259.1946614,4.319911023,2,2,0,6,2,4,Ok
859,312.8619363,5.214365606,1,1,1,7,2,6,Ok
860,148.0247952,2.46707992,2,2,1,8,3,2,Ok
861,169.5214818,2.825358029,2,1,1,9,3,2,Ok
862,566.8284017,9.447140028,1,2,1,10,3,10,Ok
863,151.7262132,2.528770221,2,1,0,11,4,2,Ok
864,216.0887749,3.601479582,1,2,0,12,4,4,Ok
865,65.10289887,1.085048314,2,1,2,1,4,2,Ok
866,132.5737736,2.209562894,2,2,1,2,1,2,Ok
867,144.6739668,2.411232779,1,1,2,3,1,3,Ok
868,128.9339505,2.148899175,2,2,0,4,1,2,Ok
869,563.2383152,9.387305254,1,1,0,5,2,9,Ok
870,114.733796,1.912229933,2,2,0,6,2,2,Good
871,0.17853088,0.002975515,2,1,1,7,2,0,Ok
872,29.06790221,0.484465037,1,2,2,8,3,1,Ok
873,91.71984558,1.528664093,2,1,1,9,3,2,Ok
874,398.8523948,6.647539914,1,2,1,10,3,7,Ok
875,429.6124988,7.160208314,2,1,0,11,4,8,Ok
876,360.7129375,6.011882291,2,2,1,12,4,6,Ok
877,365.4353177,6.090588628,1,1,2,1,4,6,Ok
878,75.80061611,1.263343602,2,2,0,2,1,2,Good
879,350.2055538,5.83675923,1,1,0,3,1,5,Ok
880,551.382891,9.189714851,2,2,0,4,1,9,Ok
881,593.3483779,9.889139632,2,1,1,5,2,9,Ok
882,518.1499142,8.635831903,1,2,2,6,2,9,Ok
883,396.7532759,6.612554598,2,1,2,7,2,7,Ok
884,284.6291391,4.743818985,1,2,0,8,3,5,Ok
885,120.7656949,2.012761582,2,1,0,9,3,3,Ok
886,269.9281219,4.498802031,2,2,2,10,3,4,Ok
887,333.9909071,5.566515119,1,1,0,11,4,5,Ok
888,326.7138968,5.445231613,2,2,1,12,4,6,Good
889,18.25613146,0.304268858,1,1,0,1,4,1,Ok
890,312.6879197,5.211465328,2,2,1,2,1,6,Good
891,50.71382525,0.845230421,2,1,0,3,1,0,Ok
892,502.3883817,8.373139695,1,2,1,4,1,9,Ok
893,61.89885244,1.031647541,2,1,2,5,2,2,Ok
894,360.2122145,6.003536909,1,2,0,6,2,7,Ok
895,400.3383457,6.672305761,2,1,0,7,2,7,Ok
896,128.7636115,2.146060192,2,2,0,8,3,2,Ok
897,509.0346893,8.483911489,1,1,0,9,3,8,Ok
898,38.57233933,0.642872322,2,2,2,10,3,1,Good
899,331.360183,5.522669717,1,1,2,11,4,5,Ok
900,551.1462968,9.185771613,2,2,0,12,4,10,Good
901,283.9771358,4.732952264,2,1,0,1,4,5,Ok
902,70.58031197,1.176338533,1,2,1,2,1,1,Ok
903,507.5681789,8.459469648,2,1,0,3,1,9,Ok
904,347.0565702,5.78427617,1,2,2,4,1,5,Ok
905,17.54886367,0.292481061,2,1,2,5,2,1,Ok
906,168.6396239,2.810660399,2,2,1,6,2,3,Good
907,448.8245249,7.480408749,1,1,2,7,2,7,Ok
908,436.7679281,7.279465469,2,2,1,8,3,8,Good
909,475.3400615,7.922334359,1,1,2,9,3,8,Ok
910,245.8110791,4.096851318,2,2,0,10,3,4,Ok
911,128.6488249,2.144147082,2,1,0,11,4,3,Ok
912,79.20353412,1.320058902,1,2,2,12,4,1,Ok
913,179.0503933,2.984173222,2,1,1,1,4,2,Ok
914,352.1949525,5.869915875,1,2,1,2,1,6,Ok
915,66.39516009,1.106586002,2,1,1,3,1,1,Ok
916,447.1678834,7.452798057,2,2,2,4,1,8,Good
917,198.5239398,3.308732331,1,1,2,5,2,4,Ok
918,179.4783891,2.991306485,2,2,0,6,2,3,Good
919,26.82806891,0.447134482,1,1,0,7,2,0,Ok
920,300.9080083,5.015133472,2,2,0,8,3,6,Good
921,478.1511507,7.969185844,2,1,2,9,3,8,Ok
922,358.6631211,5.977718685,1,2,2,10,3,5,Ok
923,356.3222696,5.938704493,2,1,1,11,4,6,Ok
924,0.271772483,0.004529541,1,2,1,12,4,0,Ok
925,361.9648784,6.032747974,2,1,0,1,4,7,Ok
926,11.25715094,0.187619182,2,2,1,2,1,1,Good
927,288.5619689,4.809366149,1,1,1,3,1,4,Ok
928,88.33114766,1.472185794,2,2,2,4,1,2,Good
929,335.7742357,5.596237262,1,1,2,5,2,6,Ok
930,394.0879653,6.568132755,2,2,1,6,2,7,Good
931,413.1417634,6.885696057,2,1,1,7,2,6,Ok
932,259.0903337,4.318172228,1,2,1,8,3,4,Ok
933,41.09975076,0.684995846,2,1,1,9,3,0,Ok
934,416.0640033,6.934400055,1,2,0,10,3,7,Ok
935,464.119792,7.735329866,2,1,1,11,4,7,Ok
936,250.4369696,4.173949494,2,2,1,12,4,5,Good
937,203.7169272,3.395282119,1,1,1,1,4,3,Ok
938,522.6301296,8.71050216,2,2,1,2,1,8,Ok
939,226.8222638,3.780371064,1,1,0,3,1,4,Ok
940,230.3319019,3.838865032,2,2,1,4,1,4,Good
941,476.9587294,7.949312156,2,1,0,5,2,8,Ok
942,496.6438374,8.27739729,1,2,2,6,2,8,Ok
943,197.0471453,3.284119088,2,1,0,7,2,4,Ok
944,247.9065714,4.13177619,1,2,1,8,3,5,Ok
945,272.4753111,4.541255185,2,1,0,9,3,5,Ok
946,193.5572905,3.225954842,2,2,0,10,3,4,Good
947,448.9081799,7.481802998,1,1,0,11,4,7,Ok
948,529.5092502,8.82515417,2,2,2,12,4,8,Ok
949,422.2156291,7.036927151,1,1,0,1,4,8,Ok
950,395.6144806,6.593574677,2,2,2,2,1,6,Ok
951,548.9561413,9.149269022,2,1,0,3,1,10,Ok
952,241.8494929,4.030824882,1,2,1,4,1,4,Ok
953,292.2547959,4.870913266,2,1,1,5,2,5,Ok
954,227.5232976,3.79205496,1,2,0,6,2,4,Ok
955,405.4077464,6.756795774,2,1,2,7,2,7,Ok
956,456.2973904,7.604956507,2,2,0,8,3,8,Good
957,13.96210694,0.232701782,1,1,0,9,3,1,Ok
958,365.6282658,6.093804429,2,2,0,10,3,7,Good
959,510.2114563,8.503524272,1,1,0,11,4,8,Ok
960,351.4157963,5.856929939,2,2,2,12,4,6,Good
961,518.344892,8.639081534,2,1,2,1,4,9,Ok
962,556.5840413,9.276400688,1,2,0,2,1,9,Ok
963,598.606001,9.976766684,2,1,1,3,1,9,Ok
964,391.9882782,6.533137969,1,2,1,4,1,7,Ok
965,475.4069866,7.923449776,2,1,1,5,2,8,Ok
966,59.76061263,0.996010211,2,2,0,6,2,0,Ok
967,61.95826484,1.032637747,1,1,2,7,2,1,Ok
968,564.0966527,9.401610878,2,2,0,8,3,9,Ok
969,580.850501,9.680841683,1,1,1,9,3,10,Ok
970,19.77056691,0.329509448,2,2,2,10,3,0,Ok
971,413.3587691,6.889312818,2,1,2,11,4,6,Ok
972,64.4526571,1.074210952,1,2,1,12,4,2,Ok
973,285.873918,4.7645653,2,1,1,1,4,5,Ok
974,284.8608537,4.747680895,1,2,1,2,1,4,Ok
975,23.06243764,0.384373961,2,1,0,3,1,0,Ok
976,236.1676244,3.936127073,2,2,1,4,1,3,Ok
977,533.1395182,8.885658637,1,1,2,5,2,8,Ok
978,45.3115256,0.755192093,2,2,2,6,2,0,Ok
979,522.1638672,8.702731121,1,1,1,7,2,9,Ok
980,307.3976712,5.12329452,2,2,0,8,3,6,Good
981,340.935619,5.682260316,2,1,2,9,3,5,Ok
982,77.5059563,1.291765938,1,2,2,10,3,1,Ok
983,338.0675109,5.634458515,2,1,2,11,4,5,Ok
984,378.4608413,6.307680688,1,2,2,12,4,7,Ok
985,186.3943562,3.106572604,2,1,0,1,4,3,Ok
986,123.3976607,2.056627678,2,2,2,2,1,3,Good
987,170.2483107,2.837471846,1,1,1,3,1,3,Ok
988,228.468283,3.807804717,2,2,0,4,1,4,Good
989,423.773936,7.062898933,1,1,1,5,2,7,Ok
990,233.3765365,3.889608942,2,2,0,6,2,4,Good
991,546.5950649,9.109917748,2,1,1,7,2,9,Ok
992,45.44374324,0.757395721,1,2,2,8,3,0,Ok
993,541.6875988,9.028126647,2,1,0,9,3,10,Ok
994,489.033045,8.150550749,1,2,0,10,3,9,Ok
995,53.35470801,0.889245133,2,1,1,11,4,0,Ok
996,312.6312937,5.210521561,2,2,2,12,4,5,Ok
997,459.3078587,7.655130978,1,1,0,1,4,8,Ok
998,326.8124048,5.446873414,2,2,0,2,1,5,Ok
999,199.8695849,3.331159748,1,1,1,3,1,4,Ok
1000,88.58284567,1.476380761,2,2,0,4,1,1,Ok
